{
  "n_samples": 11026992,
  "n_features": 20,
  "feature_names": [
    "Dst Port",
    "Flow Duration",
    "Tot Fwd Pkts",
    "Tot Bwd Pkts",
    "Fwd Pkt Len Max",
    "Fwd Pkt Len Min",
    "Bwd Pkt Len Max",
    "Bwd Pkt Len Mean",
    "Flow Byts/s",
    "Flow Pkts/s",
    "Flow IAT Mean",
    "Flow IAT Std",
    "Flow IAT Max",
    "Fwd IAT Std",
    "Bwd Pkts/s",
    "PSH Flag Cnt",
    "ACK Flag Cnt",
    "Init Fwd Win Byts",
    "Init Bwd Win Byts",
    "Fwd Seg Size Min"
  ],
  "label_distribution": {
    "0": 9108759,
    "1": 1918233
  },
  "class_balance": {
    "benign_pct": 82.60420430159013,
    "attack_pct": 17.395795698409867
  },
  "feature_statistics": {
    "means": {
      "Dst Port": -1.3351279736984733e-17,
      "Flow Duration": 4.0100233619306655e-17,
      "Tot Fwd Pkts": 8.626782486426236e-18,
      "Tot Bwd Pkts": -1.2925997660420547e-18,
      "Fwd Pkt Len Max": -1.6356606411371646e-17,
      "Fwd Pkt Len Min": 7.397330665086136e-17,
      "Bwd Pkt Len Max": -1.4392576457784316e-16,
      "Bwd Pkt Len Mean": 8.994587045975989e-17,
      "Flow Byts/s": -3.7885867170650864e-17,
      "Flow Pkts/s": 1.8399635732514686e-16,
      "Flow IAT Mean": 5.285354098197084e-17,
      "Flow IAT Std": -5.055212058097592e-16,
      "Flow IAT Max": 5.8379630510174555e-18,
      "Fwd IAT Std": -1.5909673610909646e-16,
      "Bwd Pkts/s": 2.2014146763240656e-17,
      "PSH Flag Cnt": 8.043501674750629e-17,
      "ACK Flag Cnt": -1.8695400085761596e-16,
      "Init Fwd Win Byts": -3.905996788535935e-16,
      "Init Bwd Win Byts": -6.401655112499803e-17,
      "Fwd Seg Size Min": -1.7430894711444084e-16
    },
    "stds": {
      "Dst Port": 1.0000000453432836,
      "Flow Duration": 1.0000000453432834,
      "Tot Fwd Pkts": 1.0000000453432836,
      "Tot Bwd Pkts": 1.0000000453432858,
      "Fwd Pkt Len Max": 1.0000000453432847,
      "Fwd Pkt Len Min": 1.000000045343283,
      "Bwd Pkt Len Max": 1.0000000453432847,
      "Bwd Pkt Len Mean": 1.000000045343284,
      "Flow Byts/s": 1.000000045343285,
      "Flow Pkts/s": 1.000000045343286,
      "Flow IAT Mean": 1.000000045343284,
      "Flow IAT Std": 1.0000000453432847,
      "Flow IAT Max": 1.0000000453432831,
      "Fwd IAT Std": 1.0000000453432847,
      "Bwd Pkts/s": 1.0000000453432836,
      "PSH Flag Cnt": 1.0000000453432847,
      "ACK Flag Cnt": 1.0000000453432847,
      "Init Fwd Win Byts": 1.0000000453432836,
      "Init Bwd Win Byts": 1.0000000453432842,
      "Fwd Seg Size Min": 1.0000000453432882
    },
    "mins": {
      "Dst Port": -0.48462981331359317,
      "Flow Duration": -0.38069005739427897,
      "Tot Fwd Pkts": -0.016666982893170906,
      "Tot Bwd Pkts": -0.04166526005017009,
      "Fwd Pkt Len Max": -0.6657074819108079,
      "Fwd Pkt Len Min": -0.4839634536298995,
      "Bwd Pkt Len Max": -0.7187493288710978,
      "Bwd Pkt Len Mean": -0.7226464219160721,
      "Flow Byts/s": -0.07269958848972462,
      "Flow Pkts/s": -0.16630546819572115,
      "Flow IAT Mean": -0.23867586550052952,
      "Flow IAT Std": -0.2804450939049002,
      "Flow IAT Max": -0.35826397520151354,
      "Fwd IAT Std": -0.2752940473036853,
      "Bwd Pkts/s": -0.13681018360703787,
      "PSH Flag Cnt": -0.7789901415081051,
      "ACK Flag Cnt": -0.7266319765598988,
      "Init Fwd Win Byts": -0.5428067013631316,
      "Init Bwd Win Byts": -0.4230318433764271,
      "Fwd Seg Size Min": -2.35000525234927
    },
    "maxs": {
      "Dst Port": 2.871057314352588,
      "Flow Duration": 3.631794573870161,
      "Tot Fwd Pkts": 167.86689220398182,
      "Tot Bwd Pkts": 187.5576041260387,
      "Fwd Pkt Len Max": 203.1011544553214,
      "Fwd Pkt Len Min": 64.12396872414993,
      "Bwd Pkt Len Max": 131.92192862206215,
      "Bwd Pkt Len Mean": 189.91110602405644,
      "Flow Byts/s": 444.1531001893106,
      "Flow Pkts/s": 26.83451598950996,
      "Flow IAT Mean": 10.83496675354401,
      "Flow IAT Std": 22.602319395528557,
      "Flow IAT Max": 7.536773781946996,
      "Fwd IAT Std": 19.386662419423086,
      "Bwd Pkts/s": 36.773987072318896,
      "PSH Flag Cnt": 1.283713293295375,
      "ACK Flag Cnt": 1.3762124875570585,
      "Init Fwd Win Byts": 3.3245169342950724,
      "Init Bwd Win Byts": 2.8199240964648973,
      "Fwd Seg Size Min": 4.958262750854044
    },
    "nulls": {
      "Dst Port": 0,
      "Flow Duration": 0,
      "Tot Fwd Pkts": 0,
      "Tot Bwd Pkts": 0,
      "Fwd Pkt Len Max": 0,
      "Fwd Pkt Len Min": 0,
      "Bwd Pkt Len Max": 0,
      "Bwd Pkt Len Mean": 0,
      "Flow Byts/s": 0,
      "Flow Pkts/s": 0,
      "Flow IAT Mean": 0,
      "Flow IAT Std": 0,
      "Flow IAT Max": 0,
      "Fwd IAT Std": 0,
      "Bwd Pkts/s": 0,
      "PSH Flag Cnt": 0,
      "ACK Flag Cnt": 0,
      "Init Fwd Win Byts": 0,
      "Init Bwd Win Byts": 0,
      "Fwd Seg Size Min": 0
    }
  },
  "quality_checks": {
    "has_nulls": false,
    "has_infs": false,
    "all_numeric": true,
    "constant_features": 0,
    "duplicate_rows": 2929592
  }
}